czywiesz2974;co symbolizuje szkarłatna szata na obrazie Córki Cekropsa znajdują Erichtoniosa pędzla Jacoba Jordaensa?;f6/3d/58/4a/b4/3c/be/03/f2/e1/fa/ba/b4/f2/c3/5a/wikiC_243_rki#Cekropsa#znajduj_261_#Erichtoniosa/wikiC_243_rki#Cekropsa#znajduj_261_#Erichtoniosa.xml;wikiC_243_rki#Cekropsa#znajduj_261_#Erichtoniosa
czywiesz479;kto wygrał stoczoną w 1656 roku Bitwę pod Lubrzem?;c5/a1/e7/3d/38/3e/5f/d3/e0/d7/d1/0f/70/0b/b9/da/wikiBitwa#pod#Lubrzem/wikiBitwa#pod#Lubrzem.xml;wikiBitwa#pod#Lubrzem
czywiesz1235;dokąd prowadzi droga duchów?;fc/ca/37/07/06/93/c7/04/48/f0/b2/5f/90/ea/f0/6b/wikiShendao/wikiShendao.xml;wikiShendao
czywiesz109;który medalista Halowych Mistrzostw Europy w Lekkoatletyce 2000 został dożywotnio zdyskwalifikowany za doping?;96/c8/36/1e/bd/12/6a/60/f7/5c/52/33/50/3a/0e/a9/wikiMiroslav#Menc/wikiMiroslav#Menc.xml;wikiMiroslav#Menc
czywiesz4264;jaką długość miała najdłuższa linia autobusowa w Szczecinie?;bf/68/f8/f1/28/49/fd/9b/cf/e3/a9/3c/ae/1c/b3/a1/wikiKomunikacja#autobusowa#w#Szczecinie/wikiKomunikacja#autobusowa#w#Szczecinie.xml;wikiKomunikacja#autobusowa#w#Szczecinie
czywiesz2080;czym zajmują się uczestnicy projektu Milky Way?;17/53/84/58/a7/22/96/10/49/60/24/f6/9d/af/67/fe/wikiMilky#Way#Project/wikiMilky#Way#Project.xml;wikiMilky#Way#Project
czywiesz3122;co wymyślono jako jedno z usprawiedliwień rokoszu Zebrzydowskiego?;f3/77/42/d6/26/f4/fe/c9/02/b3/8d/08/0f/ff/91/91/wikiRokosz#glinia_324_ski/wikiRokosz#glinia_324_ski.xml;wikiRokosz#glinia_324_ski
czywiesz885;co ma wspólnego bytomska Krystyna z pyrlikiem?;54/f2/d8/36/43/bf/69/e5/66/38/1a/13/c7/7b/41/36/wikiSzyb#Krystyna/wikiSzyb#Krystyna.xml;wikiSzyb#Krystyna
czywiesz4601;ile książek napisał koreański autor Ko Un?;df/34/d9/b7/43/3e/3f/43/78/d3/45/46/b9/76/ed/09/wikiKo#Un/wikiKo#Un.xml;wikiKo#Un
czywiesz3820;gdzie znajduje się 14 278 kamiennych stel z wyrytym tekstem kanonu pism buddyjskich Tripitaki?;59/bb/b5/67/62/d3/e0/17/ae/fe/40/2a/c5/ec/2d/30/wiki_346_wi_261_tynia#Yunju/wiki_346_wi_261_tynia#Yunju.xml;wiki_346_wi_261_tynia#Yunju
czywiesz103;kto był pierwszym wykonawcą piosenki Have Yourself a Merry Little Christmas?;91/6b/77/29/c7/e1/06/4e/e2/6c/88/ef/df/9c/5c/17/wikiHave#Yourself#a#Merry#Little#Christmas/wikiHave#Yourself#a#Merry#Little#Christmas.xml;wikiHave#Yourself#a#Merry#Little#Christmas
czywiesz748;czy Maltańczycy w referendum zgodzili się na wprowadzenie rozwodów i w których krajach nie są one dopuszczone?;5c/62/a2/dc/6b/3d/3c/80/43/57/a6/72/d3/28/6d/1d/wikiReferendum#na#Malcie#w#2011#roku/wikiReferendum#na#Malcie#w#2011#roku.xml;wikiReferendum#na#Malcie#w#2011#roku
czywiesz1541;jaką techniką został namalowany obraz Bruegela Chrystus i cudzołożnica?;c4/ad/62/75/2b/bd/7a/ba/75/ba/d6/54/97/5b/d2/44/wikiChrystus#i#cudzo_322_o_380_nica/wikiChrystus#i#cudzo_322_o_380_nica.xml;wikiChrystus#i#cudzo_322_o_380_nica
czywiesz291;jak powstała Moskiewska Uczelnia Malarstwa, Rzeźby i Architektury?;66/9a/f0/1d/6b/c5/d7/fc/53/47/c1/f4/cf/84/fa/61/wikiMoskiewska#Uczelnia#Malarstwa_44_#Rze_378_by#i#Architektury/wikiMoskiewska#Uczelnia#Malarstwa_44_#Rze_378_by#i#Architektury.xml;wikiMoskiewska#Uczelnia#Malarstwa_44_#Rze_378_by#i#Architektury
czywiesz3770;w jaki sposób Latynoski obchodzą piętnaste urodziny?;70/5f/b8/68/d4/7f/d7/6f/1a/b5/c9/8d/fe/4d/a8/a7/wikiQuincea_241_era/wikiQuincea_241_era.xml;wikiQuincea_241_era
czywiesz1220;który spośród inkwizytorów Tuluzy sam został spalony jako heretyk?;3a/c8/08/b6/dc/45/f4/f4/91/7a/f6/3d/48/a9/a5/82/wikiLouis#de#Rochette/wikiLouis#de#Rochette.xml;wikiLouis#de#Rochette
czywiesz2994;gdzie znajduje się największa i najbardziej prestiżowa uczelnia publiczna Koreańskiej Republiki Ludowo-Demokratycznej?;ed/52/a1/f0/2b/46/5d/b8/1e/7a/28/5f/fc/da/bd/32/wikiUniwersytet#im_46_#Kim#Ir#Sena/wikiUniwersytet#im_46_#Kim#Ir#Sena.xml;wikiUniwersytet#im_46_#Kim#Ir#Sena
czywiesz1433;w kryształach jakich związków chemicznych występuje sześcian poczwórny?;c6/82/0d/8e/88/f5/b3/16/dc/65/af/69/ae/3f/4b/dc/wikiSze_347_cian#poczw_243_rny/wikiSze_347_cian#poczw_243_rny.xml;wikiSze_347_cian#poczw_243_rny
czywiesz2850;o czym informuje żołnierza amerykańskiego list Dear John?;ba/67/94/09/83/67/84/c1/51/fa/d2/07/06/df/9b/8c/wikiDear#John#letter/wikiDear#John#letter.xml;wikiDear#John#letter
czywiesz1767;gdzie żółw zamienia się w grzyba?;4b/f6/3d/0b/8b/ad/ce/7f/0c/55/5a/2f/7c/08/36/de/wikiKamie_324_#_379__243__322_w/wikiKamie_324_#_379__243__322_w.xml;wikiKamie_324_#_379__243__322_w
czywiesz3078;jak Lorenzo Lotto zinterpretował motyw zwiastowania Marii przez Archanioła Gabriela?;42/02/8d/c5/1d/bf/da/25/68/5f/0f/9d/f5/2e/ba/43/wikiZwiastowanie#_40_obraz#Lorenza#Lotta_41_/wikiZwiastowanie#_40_obraz#Lorenza#Lotta_41_.xml;wikiZwiastowanie#_40_obraz#Lorenza#Lotta_41_
czywiesz2559;gdzie wykształcają się formacje trawiaste?;5c/31/bc/e6/01/87/ed/b0/ba/bc/fa/8a/96/72/7e/bf/wikiFormacje#trawiaste/wikiFormacje#trawiaste.xml;wikiFormacje#trawiaste
czywiesz32;kto śpiewał przy otwarciu Auditorium Building?;42/e7/9d/15/fc/88/1d/eb/88/2e/81/fe/e0/51/a2/05/wikiAuditorium#Building/wikiAuditorium#Building.xml;wikiAuditorium#Building
czywiesz2253;czym jest Kompas Sztuki?;86/24/0e/3b/e2/c1/24/4c/0d/40/4b/1f/77/6b/a8/7b/wikiKompas#Sztuki/wikiKompas#Sztuki.xml;wikiKompas#Sztuki
czywiesz268;jakiej roślinie zagraża masowy wypoczynek na nadmorskich plażach?;5c/57/9c/a5/b4/1e/fd/a2/d5/8c/4f/5c/12/8a/8f/84/wikiHonkenia#piaskowa/wikiHonkenia#piaskowa.xml;wikiHonkenia#piaskowa
czywiesz3473;ilu mieszkańców Sycylii miał ucałować Salvatore Cuffaro?;5c/42/7a/3e/26/fb/fe/b0/36/36/82/7c/47/c7/c3/a8/wikiSalvatore#Cuffaro/wikiSalvatore#Cuffaro.xml;wikiSalvatore#Cuffaro
czywiesz58;jakie prawa przysługują pacjentowi?;9d/46/ab/c9/f1/e7/37/f0/b3/b1/14/35/5e/b2/30/0e/wikiPrawa#pacjenta/wikiPrawa#pacjenta.xml;wikiPrawa#pacjenta
czywiesz3966;w jaki sposób według Maxa Webera kapitalizm wiąże się z religią protestancką?;b1/af/8b/43/53/b2/72/78/3b/97/dd/b8/49/ce/1f/7f/wikiEtyka#protestancka#a#duch#kapitalizmu/wikiEtyka#protestancka#a#duch#kapitalizmu.xml;wikiEtyka#protestancka#a#duch#kapitalizmu
czywiesz3469;do powstania jakich instytucji przyczynił się pierwszy biskup Makau?;01/c6/37/52/d2/b9/3a/0f/5e/20/df/23/99/72/37/40/wikiBelchior#Carneiro#Leit_227_o/wikiBelchior#Carneiro#Leit_227_o.xml;wikiBelchior#Carneiro#Leit_227_o
czywiesz1223;w jakich okolicznościach Józef Maria Gros został męczennikiem?;26/ff/a4/b5/b9/7d/9e/c9/1b/e2/c8/f7/6e/a5/e3/9c/wikiJ_243_zef#Maria#Gros/wikiJ_243_zef#Maria#Gros.xml;wikiJ_243_zef#Maria#Gros
czywiesz4367;co jest przeciwieństwem typu dzikiego?;a5/af/40/e9/a5/f5/ca/2b/27/01/93/cd/7c/f1/98/7c/wikiTyp#dziki/wikiTyp#dziki.xml;wikiTyp#dziki
czywiesz3840;jakimi objawami charakteryzuje się zaburzenia afektywne dwubiegunowe?;00/57/b1/bc/ab/02/df/48/66/d2/f8/88/ac/2f/27/ce/wikiZaburzenia#afektywne#dwubiegunowe/wikiZaburzenia#afektywne#dwubiegunowe.xml;wikiZaburzenia#afektywne#dwubiegunowe
czywiesz933;w jaki sposób rozdziela się izotopy?;87/69/62/db/93/a3/4d/2b/3c/5a/fb/9a/26/c3/73/7e/wikiRozdzielanie#izotop_243_w/wikiRozdzielanie#izotop_243_w.xml;wikiRozdzielanie#izotop_243_w
czywiesz2000;na ile związków operacyjnych podzielona jest druga największa marynarka wojenna świata?;32/d3/07/ae/ac/f7/68/74/55/7d/7c/41/73/26/2e/b1/wikiMarynarka#Wojenna#Chi_324_skiej#Armii#Ludowo_45_Wyzwole_324_czej/wikiMarynarka#Wojenna#Chi_324_skiej#Armii#Ludowo_45_Wyzwole_324_czej.xml;wikiMarynarka#Wojenna#Chi_324_skiej#Armii#Ludowo_45_Wyzwole_324_czej
czywiesz1002;w jakim celu we Francji wprowadzono prawo Toubona?;5b/ee/18/16/97/f6/21/7f/00/32/7c/16/7d/ea/1f/ff/wikiPrawo#Toubona/wikiPrawo#Toubona.xml;wikiPrawo#Toubona
czywiesz4324;co nazywamy cieśnią gardzieli?;ec/4f/25/0c/c4/a3/36/27/91/a5/e5/69/7a/de/26/d7/wikiCie_347__324_#gardzieli/wikiCie_347__324_#gardzieli.xml;wikiCie_347__324_#gardzieli
czywiesz1330;po której walce wprowadzono do zawodowego pięściarstwa bezwzględny wymóg stosowania tzw. zasady neutralnego narożnika?;a5/90/09/43/cb/41/fa/04/91/47/ba/7e/ab/fd/1a/f6/wikiWalka#Jacka#Dempseya#z#Luisem#_193_ngelem#Firpo/wikiWalka#Jacka#Dempseya#z#Luisem#_193_ngelem#Firpo.xml;wikiWalka#Jacka#Dempseya#z#Luisem#_193_ngelem#Firpo
czywiesz2046;kto dowodził Siuksami podczas powstania Dakotów w 1862 roku?;83/6e/8a/20/5e/df/5c/10/0f/ea/8c/5f/12/58/11/b1/wikiPowstanie#Dakot_243_w#_40_1862_41_/wikiPowstanie#Dakot_243_w#_40_1862_41_.xml;wikiPowstanie#Dakot_243_w#_40_1862_41_
czywiesz1426;jakie zwierzę z Kaukazu ma duże, łyse stopy?;1f/11/65/a4/e2/3e/ad/85/9b/b9/87/6f/ce/8f/9f/52/wikiAllactaga#williamsi/wikiAllactaga#williamsi.xml;wikiAllactaga#williamsi
czywiesz164;co ma wspólnego z kinematografią Sputnik nad Polską?;e5/79/e8/4d/0c/75/56/d8/90/4e/b1/87/b0/94/31/da/wikiSputnik#nad#Polsk_261_/wikiSputnik#nad#Polsk_261_.xml;wikiSputnik#nad#Polsk_261_
czywiesz1519;skąd przybyła do Polski bawełnica korówka?;35/41/37/92/08/84/df/37/11/20/45/22/26/90/64/61/wikiBawe_322_nica#kor_243_wka/wikiBawe_322_nica#kor_243_wka.xml;wikiBawe_322_nica#kor_243_wka
czywiesz2467;do jakiej wysokości n.p.m. można spotkać Radix ampla?;8e/0f/55/fd/38/26/78/f4/c6/4a/13/f4/a2/b1/b9/6c/wikiRadix#ampla/wikiRadix#ampla.xml;wikiRadix#ampla
czywiesz3761;jak przebiegała kariera sportowa Witolda Sikorskiego?;22/3b/62/f2/4f/29/cd/db/61/a4/4f/ab/55/76/1b/e3/wikiWitold#Sikorski/wikiWitold#Sikorski.xml;wikiWitold#Sikorski
czywiesz2785;co w latach 1836–1901 mieściło się w budynkach – zlikwidowanego w ramach represji po powstaniu listopadowym – Liceum Krzemienieckiego?;f6/a9/c1/8f/92/fb/9e/ae/d5/10/ba/90/20/c7/75/1c/wikiPrawos_322_awne#seminarium#duchowne#w#Krzemie_324_cu/wikiPrawos_322_awne#seminarium#duchowne#w#Krzemie_324_cu.xml;wikiPrawos_322_awne#seminarium#duchowne#w#Krzemie_324_cu
czywiesz292;kto we Włoszech może zostać senatorem dożywotnim?;ee/c9/39/f2/f9/f5/ea/ba/14/5c/ce/47/1f/ca/ee/4f/wikiSenatorowie#do_380_ywotni#we#W_322_oszech/wikiSenatorowie#do_380_ywotni#we#W_322_oszech.xml;wikiSenatorowie#do_380_ywotni#we#W_322_oszech
czywiesz1375;dlaczego istnieje obowiązek nauki języka szwedzkiego w Finlandii?;5e/d5/24/f3/66/b0/1b/ba/5d/03/43/80/75/8a/f5/d8/wikiObowi_261_zek#nauki#j_281_zyka#szwedzkiego#w#Finlandii/wikiObowi_261_zek#nauki#j_281_zyka#szwedzkiego#w#Finlandii.xml;wikiObowi_261_zek#nauki#j_281_zyka#szwedzkiego#w#Finlandii
czywiesz872;dlaczego Otto Gehlig nie mógł sygnować projektu gmachu Collegium Anatomicum w Łodzi?;90/67/32/55/a8/a2/a7/b5/fa/8e/85/84/6f/68/a6/81/wikiCollegium#Anatomicum#w#_321_odzi/wikiCollegium#Anatomicum#w#_321_odzi.xml;wikiCollegium#Anatomicum#w#_321_odzi
czywiesz3164;dlaczego brytyjski aktor i piosenkarz Clive Dunn pod koniec życia musiał zrezygnować ze swojej innej pasji, którą było malarstwo?;82/f0/91/06/71/d4/d7/4b/ba/67/a7/ae/b0/2b/76/c8/wikiClive#Dunn/wikiClive#Dunn.xml;wikiClive#Dunn
czywiesz3091;kto spośród ugrupowania Dziesięciu Amerykańskich Malarzy był wziętym muralistą w Ameryce na przełomie XIX i XX wieku?;4a/d0/1b/60/a3/01/e8/20/a5/9c/84/ea/e2/ac/27/9b/wikiEdward#Simmons/wikiEdward#Simmons.xml;wikiEdward#Simmons
czywiesz433;jak nazywa się japoński order, ustanowiony 4 stycznia 1888 roku przez cesarza Mutsuhito?;b2/d7/4d/ac/3c/df/0a/f2/e3/74/8b/a4/8f/2a/b3/f0/wikiOrder#_346_wi_281_tego#Skarbu/wikiOrder#_346_wi_281_tego#Skarbu.xml;wikiOrder#_346_wi_281_tego#Skarbu
czywiesz3144;w którym roku Walia zdobyła pierwszego Wielkiego Szlema w Pucharze Sześciu Narodów?;49/c3/92/b6/d6/53/8e/47/0e/f7/dc/2c/55/47/3d/1b/wikiPuchar#Sze_347_ciu#Narod_243_w#2005/wikiPuchar#Sze_347_ciu#Narod_243_w#2005.xml;wikiPuchar#Sze_347_ciu#Narod_243_w#2005
czywiesz568;"jak długo pełnił służbę ""Sully""?";58/20/fd/df/56/dd/fa/34/86/78/b2/a1/5b/42/9d/9d/wikiSully#_40_1901_41_/wikiSully#_40_1901_41_.xml;wikiSully#_40_1901_41_
czywiesz540;jakie były prawdziwe losy głównego bohatera filmu Fighter?;47/e6/4f/f6/21/eb/3c/9e/89/8c/03/f7/9b/d9/9f/48/wikiMicky#Ward/wikiMicky#Ward.xml;wikiMicky#Ward
czywiesz3870;dlaczego fotograf Hippolyte Bayard udawał topielca?;37/fb/a4/7a/3c/08/98/e5/05/b4/16/01/07/2b/75/9d/wikiHippolyte#Bayard/wikiHippolyte#Bayard.xml;wikiHippolyte#Bayard
czywiesz1510;który amerykański snajper był nazywany Białym Piórem?;81/14/ac/3c/bf/80/32/1f/6b/f3/ca/b6/ac/6c/27/55/wikiCarlos#Hathcock/wikiCarlos#Hathcock.xml;wikiCarlos#Hathcock
czywiesz3775;za co Iwanowi Tyszkiwiczowi ucięto dłoń?;7a/de/dc/58/67/5f/ea/83/0c/0a/06/0d/7f/3a/5b/c8/wikiIwan#Tyszkiewicz/wikiIwan#Tyszkiewicz.xml;wikiIwan#Tyszkiewicz
czywiesz3742;jakie konkurencje lekkoatletyczne uprawiali rodzice mistrza świata juniorów z 2010 roku w pchnięciu kulą, Nowozelandczyka Jacko Gilla?;4d/88/94/0b/64/49/37/25/03/e9/ef/36/31/9d/cb/a0/wikiJacko#Gill/wikiJacko#Gill.xml;wikiJacko#Gill
czywiesz4009;co może ci się przytrafić po ugryzieniu szczura?;91/10/cc/7c/30/f7/80/94/7e/5b/b2/9d/ce/1b/53/29/wikiGor_261_czka#od#ugryzienia#szczura/wikiGor_261_czka#od#ugryzienia#szczura.xml;wikiGor_261_czka#od#ugryzienia#szczura
czywiesz1045;w jaki sposób prześladowany węgierski kartograf, Jonas Nigrinus za sprawą parergi stał się sławnym folklorystą beskidzkim?;b1/a6/b2/6d/3e/01/15/fa/d8/51/02/98/bd/61/e7/36/wikiParerga/wikiParerga.xml;wikiParerga
czywiesz4375;które dzieła Williama Shakespeare'a są uznawane za zaginione?;cd/9c/67/c3/33/19/76/3c/28/35/b6/7e/1d/fc/2c/4c/wikiPrzegl_261_d#dzie_322_#Williama#Szekspira/wikiPrzegl_261_d#dzie_322_#Williama#Szekspira.xml;wikiPrzegl_261_d#dzie_322_#Williama#Szekspira
czywiesz381;który z członków załogi Międzynarodowej Stacji Kosmicznej nie ma nóg?;6c/1e/41/3c/a8/02/5d/47/8a/24/6b/61/91/53/8e/9c/wikiRobonaut/wikiRobonaut.xml;wikiRobonaut
czywiesz3904;kogo leczył Wojciech Lubiński?;74/26/35/aa/fa/a0/27/32/3e/af/0c/9d/b0/eb/05/a0/wikiWojciech#Lubi_324_ski/wikiWojciech#Lubi_324_ski.xml;wikiWojciech#Lubi_324_ski
czywiesz4;jak zakończyła się pierwsza bitwa morska wojny koreańskiej?;8b/a9/83/0f/bd/dd/cb/74/6d/d7/53/71/80/d3/52/75/wikiBitwa#pod#Pusanem/wikiBitwa#pod#Pusanem.xml;wikiBitwa#pod#Pusanem
czywiesz849;czyj gabinet zezwolił na wyjazd z Rumunii internowanemu tam w 1939 roku prezydentowi Ignacemu Mościckiemu?;2a/5f/1f/72/14/7d/6b/24/c3/3b/b2/ab/3f/d8/c8/a6/wikiGheorghe#T_259_t_259_rescu/wikiGheorghe#T_259_t_259_rescu.xml;wikiGheorghe#T_259_t_259_rescu
czywiesz3233;kto jest uważany za najważniejszego przedstawiciela holenderskiej muzyki współczesnej?;68/7d/10/a0/e5/15/81/ea/23/fb/f5/11/ec/7d/6a/53/wikiWillem#Pijper/wikiWillem#Pijper.xml;wikiWillem#Pijper
czywiesz747;który święty katolicki przedstawiany jest jako depczący kruka?;62/fd/85/fa/0c/61/28/42/a0/28/7d/5e/24/64/b3/94/wiki_346_wi_281_ty#Ekspedyt/wiki_346_wi_281_ty#Ekspedyt.xml;wiki_346_wi_281_ty#Ekspedyt
czywiesz767;ilu najemców jednocześnie mieszkało w Domu Mandaryna?;3c/72/db/c9/0f/b3/30/2a/56/c3/ea/89/e2/40/1f/86/wikiDom#Mandaryna/wikiDom#Mandaryna.xml;wikiDom#Mandaryna
czywiesz2498;jakie zagrożenia wiążą się z wykonywaniem zawodu muzyka?;c5/ad/56/ad/62/d3/31/d4/f1/aa/89/9a/a8/62/7f/be/wikiMuzyk/wikiMuzyk.xml;wikiMuzyk
czywiesz3401;jakie choroby genetyczne dziedziczą się autosomalnie dominująco?;9e/ba/95/52/f4/7d/37/61/51/36/86/fc/86/a7/a6/42/wikiDziedziczenie#autosomalne#dominuj_261_ce/wikiDziedziczenie#autosomalne#dominuj_261_ce.xml;wikiDziedziczenie#autosomalne#dominuj_261_ce
czywiesz4100;na których igrzyskach olimpijskich opiekunem Stanisławy Walasiewicz i Janusza Kusocińskiego był zamordowany później w Katyniu lekkoatleta Józef Baran-Bilewski?;1e/d6/32/5d/fe/8a/a3/98/ac/5c/d2/3b/45/b9/43/9a/wikiJ_243_zef#Baran_45_Bilewski/wikiJ_243_zef#Baran_45_Bilewski.xml;wikiJ_243_zef#Baran_45_Bilewski
czywiesz3076;który włoski komik i bloger stanął na czele nowego ruchu politycznego?;08/0a/72/32/3b/3c/d1/4a/c9/04/b2/64/47/d3/86/1e/wikiBeppe#Grillo/wikiBeppe#Grillo.xml;wikiBeppe#Grillo
czywiesz2141;czym różni się system montażu samochodów CKD od systemu SKD?;83/1a/d3/7d/15/79/99/44/57/f0/5e/29/ff/cf/31/59/wikiSystemy#monta_380_u#samochod_243_w/wikiSystemy#monta_380_u#samochod_243_w.xml;wikiSystemy#monta_380_u#samochod_243_w
czywiesz1879;co zainspirowało narodziny filmu więziennego?;75/e0/5e/20/e9/10/ac/f5/49/4f/e2/05/cd/e5/1d/24/wikiFilm#wi_281_zienny/wikiFilm#wi_281_zienny.xml;wikiFilm#wi_281_zienny
czywiesz2882;co było ulubionym motywem w twórczości malarskiej Mary Agnes Yerkes?;02/2f/61/bc/07/d7/23/6f/52/44/b0/3f/01/00/e4/d2/wikiMary#Agnes#Yerkes/wikiMary#Agnes#Yerkes.xml;wikiMary#Agnes#Yerkes
czywiesz4271;ile lat miała wdowa przedstawiona przez Hansa Holbeina na obrazie Portret Krystyny Duńskiej?;57/8c/64/e6/e1/88/b7/e0/44/c7/c1/4b/42/ec/43/66/wikiPortret#Krystyny#Du_324_skiej/wikiPortret#Krystyny#Du_324_skiej.xml;wikiPortret#Krystyny#Du_324_skiej
czywiesz4232;jakie wyróżnia się fazy ząbkowania?;a0/8f/f9/bd/ed/e9/ee/2e/91/b5/ac/cf/cf/bc/1f/61/wikiZ_261_bkowanie#_40_medycyna_41_/wikiZ_261_bkowanie#_40_medycyna_41_.xml;wikiZ_261_bkowanie#_40_medycyna_41_
czywiesz1321;jaka Deklaracja dedykowana była Marii Antoninie?;a6/5a/7f/00/f0/85/09/e7/7d/92/b0/5a/03/ab/a2/4a/wikiDeklaracja#Praw#Kobiety#i#Obywatelki/wikiDeklaracja#Praw#Kobiety#i#Obywatelki.xml;wikiDeklaracja#Praw#Kobiety#i#Obywatelki
czywiesz2935;co opisywał dokument z butelki znalezionej w lipcu 2009 roku w wieży kościoła św. Wawrzyńca w Bobrownikach?;cd/75/5d/f5/d0/38/22/7d/14/51/00/2d/d7/3c/fd/56/wikiKo_347_ci_243__322_#_347_w_46_#Wawrzy_324_ca#w#Bobrownikach/wikiKo_347_ci_243__322_#_347_w_46_#Wawrzy_324_ca#w#Bobrownikach.xml;wikiKo_347_ci_243__322_#_347_w_46_#Wawrzy_324_ca#w#Bobrownikach
czywiesz1648;pod iloma nazwami ukrywa się przytulik Wautiera?;af/29/d9/41/e6/f0/17/55/49/ba/53/3e/ba/9e/c7/f4/wikiFerrissia#fragilis/wikiFerrissia#fragilis.xml;wikiFerrissia#fragilis
czywiesz2001;w których obrazach Vincent van Gogh porzucił swobodny nastrój, charakterystyczny dla impresjonizmu?;43/5c/3c/47/58/9b/26/be/da/1a/fe/96/d7/f8/32/b2/wikiDwa#_347_ci_281_te#s_322_oneczniki/wikiDwa#_347_ci_281_te#s_322_oneczniki.xml;wikiDwa#_347_ci_281_te#s_322_oneczniki
czywiesz3784;ile osób zmieści się w największej szanghajskiej świątyni katolickiej?;50/af/5a/51/34/31/73/34/e2/86/4b/5f/53/63/ab/63/wikiKatedra#_347_w_46_#Ignacego#w#Szanghaju/wikiKatedra#_347_w_46_#Ignacego#w#Szanghaju.xml;wikiKatedra#_347_w_46_#Ignacego#w#Szanghaju
czywiesz725;podczas której operacji alianckiego lądowania w Normandii po raz pierwszy do rejonu walk dostarczono czołgi drogą powietrzną?;56/cd/43/fa/61/3e/74/8e/43/ab/41/17/88/9b/50/97/wikiOperacja#Mallard/wikiOperacja#Mallard.xml;wikiOperacja#Mallard
czywiesz1259;jakim wydarzeniom w 1920 roku poświęcony był kalendarzyk ekspresjonistyczny?;1e/f2/02/a3/30/01/e6/2a/7a/e3/75/02/9c/a5/eb/b7/wikiKalendarzyk#ekspresjonistyczny/wikiKalendarzyk#ekspresjonistyczny.xml;wikiKalendarzyk#ekspresjonistyczny
czywiesz3750;jakie zasługi dla protetyki stomatologicznej położył amerykański malarz Charles Willson Peale?;39/1c/46/fe/a2/d4/f1/48/4c/07/d8/e0/e0/65/aa/5c/wikiCharles#Willson#Peale/wikiCharles#Willson#Peale.xml;wikiCharles#Willson#Peale
czywiesz3973;kiedy zlikwidowano British Rail, brytyjskie państwowe przedsiębiorstwo kolejowe?;0b/b1/51/ba/23/a3/2b/d9/7c/37/e0/56/4c/6b/89/05/wikiBritish#Rail/wikiBritish#Rail.xml;wikiBritish#Rail
czywiesz3426;jak Babilończycy radzili sobie z demonami?;1e/24/ed/2a/14/da/a2/76/62/d2/fe/48/32/04/27/e1/wikiMagia#babilo_324_ska/wikiMagia#babilo_324_ska.xml;wikiMagia#babilo_324_ska
czywiesz469;z kim współpracuje Zespół Szkół Ogólnokształcących nr 2 w Raciborzu?;f0/71/ee/a2/d6/05/93/cf/1f/0a/fa/42/28/75/57/49/wikiZesp_243__322_#Szk_243__322_#Og_243_lnokszta_322_c_261_cych#nr#2#w#Raciborzu/wikiZesp_243__322_#Szk_243__322_#Og_243_lnokszta_322_c_261_cych#nr#2#w#Raciborzu.xml;wikiZesp_243__322_#Szk_243__322_#Og_243_lnokszta_322_c_261_cych#nr#2#w#Raciborzu
czywiesz3390;w jakim sporcie reprezentuje USA najlepszy strzelec piłkarskiej reprezentacji Guamu?;d6/3a/bd/5a/90/c8/f2/c5/de/be/62/f8/cd/d2/a5/e3/wikiZachary#Pangelinan/wikiZachary#Pangelinan.xml;wikiZachary#Pangelinan
czywiesz3012;która polska poetka i dziennikarka wchodzi w skład grupy literackiej „Magnus Ducatus Poesis – Wielkie Księstwo Poetów”?;73/92/c5/10/6d/82/63/20/a7/fb/31/fb/7e/46/00/2a/wikiBarbara#Gruszka_45_Zych/wikiBarbara#Gruszka_45_Zych.xml;wikiBarbara#Gruszka_45_Zych
czywiesz2309;jaki styl muzyczny reprezentuje polski zespół Braty z Rakemna?;69/ff/fc/a5/9c/50/e5/37/56/54/c3/73/9a/09/5b/a5/wikiBraty#z#Rakemna/wikiBraty#z#Rakemna.xml;wikiBraty#z#Rakemna
czywiesz958;z czyjej inicjatywy wzniesiono wieżę widokową na Wielkiej Sowie?;ea/6a/80/8d/0a/07/9d/e8/0c/66/7b/6a/bb/f7/05/9b/wikiWie_380_a#widokowa#na#Wielkiej#Sowie/wikiWie_380_a#widokowa#na#Wielkiej#Sowie.xml;wikiWie_380_a#widokowa#na#Wielkiej#Sowie
czywiesz1399;gdzie występują daktyle morskie?;01/82/cd/e1/f1/d3/13/7f/b4/02/40/e0/0a/86/fc/f7/wikiSka_322_otoczowate/wikiSka_322_otoczowate.xml;wikiSka_322_otoczowate
czywiesz4284;gdzie znajduje się Dupa Słonia?;26/c7/53/6b/92/e0/3e/d9/b3/79/d4/aa/0e/a3/40/47/wikiDupa#S_322_onia/wikiDupa#S_322_onia.xml;wikiDupa#S_322_onia
czywiesz1296;dlaczego Poranna Chwała blaknie?;a3/dc/c2/e2/c4/e4/a7/10/fd/07/75/15/bd/73/5e/f3/wikiMorning#Glory#Pool/wikiMorning#Glory#Pool.xml;wikiMorning#Glory#Pool
czywiesz1513;podczas których Igrzysk Olimpijskich Turcja zdobyła najwięcej złotych medali?;d6/41/19/27/0c/7b/b4/41/04/15/6e/99/63/15/ba/36/wikiTurcja#na#Letnich#Igrzyskach#Olimpijskich#1960/wikiTurcja#na#Letnich#Igrzyskach#Olimpijskich#1960.xml;wikiTurcja#na#Letnich#Igrzyskach#Olimpijskich#1960
czywiesz1505;jak definiowany jest kompleks de Rhama?;4c/31/34/c8/b3/39/30/4e/6e/38/5d/df/bc/6d/4a/5c/wikiKompleks#de#Rhama/wikiKompleks#de#Rhama.xml;wikiKompleks#de#Rhama
czywiesz2662;na czym polega mechanizm międzywęzłowy dyfuzji?;4d/cd/83/57/1d/55/95/3d/53/19/99/a3/67/92/98/b8/wikiMechanizm#mi_281_dzyw_281_z_322_owy#dyfuzji/wikiMechanizm#mi_281_dzyw_281_z_322_owy#dyfuzji.xml;wikiMechanizm#mi_281_dzyw_281_z_322_owy#dyfuzji
czywiesz651;która biblioteka jest w posiadaniu najstarszej w Polsce gęsi?;37/68/d5/48/5b/e0/46/d4/10/cc/88/9f/67/29/25/d0/wikiG_281__347_#_40_gra_41_/wikiG_281__347_#_40_gra_41_.xml;wikiG_281__347_#_40_gra_41_
czywiesz3890;czym zajmował się wezyr w starożytnym Egipcie?;da/ee/a9/ff/55/d0/14/7e/89/57/b2/54/21/48/bd/68/wikiWezyr#_40_Staro_380_ytny#Egipt_41_/wikiWezyr#_40_Staro_380_ytny#Egipt_41_.xml;wikiWezyr#_40_Staro_380_ytny#Egipt_41_
czywiesz2767;które polskie muzeum poświęcone jest pamięci teologa, który będąc wcześniej księdzem ożenił się i zbudował dom?;63/72/90/e0/44/1f/c1/4d/56/07/fc/e5/cb/6e/ee/e8/wikiMuzeum#Josepha#Wittiga/wikiMuzeum#Josepha#Wittiga.xml;wikiMuzeum#Josepha#Wittiga
czywiesz3019;z jakiego powodu spór o Portret hrabiny Chinchón pędzla Francisca Goi trafił do Europejskiego Trybunału Praw Człowieka w Strasburgu?;d0/07/a5/3f/9b/98/90/e3/c8/eb/48/27/99/72/c1/f2/wikiPortret#hrabiny#Chinch_243_n/wikiPortret#hrabiny#Chinch_243_n.xml;wikiPortret#hrabiny#Chinch_243_n
czywiesz2901;jakiego pseudonimu używał żołnierz Armii Krajowej Jerzy Ossowski?;bf/81/76/da/99/60/3d/e4/42/0c/6b/d9/cf/8d/1e/ee/wikiJerzy#Jan#Ossowski/wikiJerzy#Jan#Ossowski.xml;wikiJerzy#Jan#Ossowski
czywiesz425;ilu wysiedlonych Polaków podczas niemieckiej okupacji mogły jednorazowo przyjąć obozy przesiedleńcze w Łodzi?;30/47/f8/81/9f/e8/a2/49/8e/ca/b0/94/05/50/27/78/wikiCentrala#Przesiedle_324_cza#w#_321_odzi/wikiCentrala#Przesiedle_324_cza#w#_321_odzi.xml;wikiCentrala#Przesiedle_324_cza#w#_321_odzi
czywiesz2417;ile kosztuje RQ-11 Raven?;0b/74/19/47/31/72/80/fb/84/dd/a2/ac/9c/90/ef/16/wikiRQ_45_11#Raven/wikiRQ_45_11#Raven.xml;wikiRQ_45_11#Raven
czywiesz1837;jak można zapobiegać występowaniu efektu teleskopowego?;e7/60/23/b4/18/1c/96/10/ad/f2/f9/ca/19/6e/3c/93/wikiEfekt#teleskopowy/wikiEfekt#teleskopowy.xml;wikiEfekt#teleskopowy
czywiesz1716;co przydarzyło się nauczycielowi z Kielc w Pradze?;c3/16/11/14/eb/91/5f/53/05/75/72/7a/d0/37/f8/fe/wikiZygmunt#Na_322__281_cz_45_Dobrowolski/wikiZygmunt#Na_322__281_cz_45_Dobrowolski.xml;wikiZygmunt#Na_322__281_cz_45_Dobrowolski
czywiesz2989;kto był twórcą znanej na świecie szkoły naukowej w Zakładzie Anatomii Patologicznej PAM?;52/de/85/0e/92/26/c8/c3/b3/e7/57/b6/75/30/5d/37/wikiKazimierz#Stoja_322_owski/wikiKazimierz#Stoja_322_owski.xml;wikiKazimierz#Stoja_322_owski
czywiesz1497;co uprawia śmierć w swoim ogrodzie?;6b/65/c2/dd/32/81/c3/d0/08/f3/35/80/b7/17/19/04/wikiOgr_243_d#_346_mierci/wikiOgr_243_d#_346_mierci.xml;wikiOgr_243_d#_346_mierci
czywiesz2819;gdzie potrzebna jest funkcja Żukowskiego?;00/85/50/06/48/ab/e0/4d/87/58/fc/34/a2/f2/48/d5/wikiFunkcja#_379_ukowskiego/wikiFunkcja#_379_ukowskiego.xml;wikiFunkcja#_379_ukowskiego
czywiesz1691;dlaczego John-Paul Himka nie został księdzem?;0a/01/e4/ca/bd/d3/87/1b/05/b4/d9/ad/5e/ba/2d/da/wikiJohn_45_Paul#Himka/wikiJohn_45_Paul#Himka.xml;wikiJohn_45_Paul#Himka
czywiesz2916;kto jest uznawany za pierwszego biografa filozofów, autora biografii m.in. Pitagorasa, Platona i Sokratesa?;9c/c8/19/35/b8/87/84/7b/07/69/c0/5d/0b/d1/8a/d6/wikiArystoksenos/wikiArystoksenos.xml;wikiArystoksenos
czywiesz2375;gdzie znajduje się Muzeum Toulouse-Lautreca posiadające największą na świecie kolekcję jego prac?;2e/b4/a4/b7/71/83/20/db/8c/b0/89/ab/3b/ec/0a/7a/wikiMus_233_e#Toulouse_45_Lautrec/wikiMus_233_e#Toulouse_45_Lautrec.xml;wikiMus_233_e#Toulouse_45_Lautrec
czywiesz1511;które upiorowate wyglądają jak porosty?;8f/97/8b/f9/ba/a5/9e/b6/9b/a4/a9/18/1f/8c/76/01/wikiD_322_ugonosek/wikiD_322_ugonosek.xml;wikiD_322_ugonosek
czywiesz663;jak długo żyje arka Noego?;a6/90/6c/2e/cc/41/29/2a/d7/5e/9b/a3/8b/a6/94/ee/wikiArka#Noego#_40_zwierz_281_ta_41_/wikiArka#Noego#_40_zwierz_281_ta_41_.xml;wikiArka#Noego#_40_zwierz_281_ta_41_
czywiesz2097;skąd pochodzi określenie „ostatni Rzymianin”?;be/28/8f/a6/69/ce/b5/e5/d4/01/29/be/8d/87/42/97/wikiOstatni#Rzymianin/wikiOstatni#Rzymianin.xml;wikiOstatni#Rzymianin
czywiesz4463;"w pobliżu jakiej wyspy na Morzu Północnym przygotowana została zasadzka na Braci Witalijskich, w której udział wzięła ""Kolorowa Krowa""?";d8/2a/3c/4e/6e/c6/c6/02/b1/f8/1c/65/04/69/ea/cd/wikiBracia#Witalijscy/wikiBracia#Witalijscy.xml;wikiBracia#Witalijscy
czywiesz4567;kim był Henri Toulouse-Lautrec, który, być może, cierpiał z powodu rzadkiej choroby pyknodysostozy?;bc/2b/9b/2d/b7/0a/96/be/24/ad/3e/32/cc/d3/5f/d6/wikiPyknodysostoza/wikiPyknodysostoza.xml;wikiPyknodysostoza
czywiesz2962;który polski dziennikarz w latach 1955–1961 był dyrektorem Polskiego Instytutu Naukowego w Ameryce?;3f/84/4b/78/48/60/32/f6/0b/be/9a/1e/ee/6b/87/64/wikiStanis_322_aw#Strzetelski/wikiStanis_322_aw#Strzetelski.xml;wikiStanis_322_aw#Strzetelski
czywiesz1406;gdzie odbywa się największy w Europie coroczny festiwal rockowy?;7b/ed/10/f9/bf/5a/5b/4d/7d/2e/d8/a9/10/d2/55/cf/wikiRock#nad#Wo_322_g_261_/wikiRock#nad#Wo_322_g_261_.xml;wikiRock#nad#Wo_322_g_261_
czywiesz1999;które zwierzę lądowe jest uznawane za żyjące najgłębiej na Ziemi?;26/3f/03/88/d4/46/f3/c2/8b/13/d2/1e/46/dc/ee/8b/wikiPlutomurus#ortobalaganensis/wikiPlutomurus#ortobalaganensis.xml;wikiPlutomurus#ortobalaganensis
czywiesz3846;kto sprowadził buddyzm do Tybetu?;d2/18/94/4a/62/e2/df/b5/c3/c6/f9/2d/78/16/2d/bb/wikiWencheng/wikiWencheng.xml;wikiWencheng
czywiesz3458;co amerykański polityk Ted Strickland robił w więzieniu o zaostrzonym rygorze?;5a/ab/b2/69/6a/05/e9/59/13/99/7a/f3/47/27/7f/23/wikiTed#Strickland/wikiTed#Strickland.xml;wikiTed#Strickland
czywiesz1114;gdzie odbyła się ostatnia publiczna egzekucja w Stanach Zjednoczonych?;e2/7a/b7/49/ad/13/7e/2a/c6/21/22/42/80/f0/c9/d0/wikiRainey#Bethea/wikiRainey#Bethea.xml;wikiRainey#Bethea
czywiesz152;po ilu latach odtworzono wysadzony w 1945 roku pomnik Josepha von Eichendorffa w Raciborzu-Brzeziu?;85/b8/c9/cb/ff/22/fd/85/91/d5/20/8c/3d/69/4e/97/wikiPomnik#Josepha#von#Eichendorffa#w#Brzeziu/wikiPomnik#Josepha#von#Eichendorffa#w#Brzeziu.xml;wikiPomnik#Josepha#von#Eichendorffa#w#Brzeziu
czywiesz2968;który portugalski generał, szef Sztabu Generalnego w latach 1974–1976, był prezydentem Portugalii?;4a/bb/3e/b8/fa/c1/90/b4/d5/c2/2a/fb/34/dc/d2/31/wikiFrancisco#da#Costa#Gomes/wikiFrancisco#da#Costa#Gomes.xml;wikiFrancisco#da#Costa#Gomes
czywiesz1993;jaki tytuł nosi obraz pędzla Jusepe de Riberi, do 1953 roku mylnie skatalogowany jako Męczeństwo świętego Bartłomieja?;34/64/57/51/24/74/ec/5d/f5/5b/b0/cc/67/31/00/d5/wikiM_281_cze_324_stwo#_347_wi_281_tego#Filipa/wikiM_281_cze_324_stwo#_347_wi_281_tego#Filipa.xml;wikiM_281_cze_324_stwo#_347_wi_281_tego#Filipa
czywiesz4475;dla jakiej grupy dozwolone były projekcje filmu Inaczej niż inni, kiedy wkrótce po premierze zakazano jego dystrybucji?;5d/2e/98/ec/26/16/a4/93/38/4e/ee/15/a5/2c/03/97/wikiInaczej#ni_380_#inni/wikiInaczej#ni_380_#inni.xml;wikiInaczej#ni_380_#inni
czywiesz3186;jaki jest sposób na odróżnienie skórnika aksamitnego od skórnika szorstkiego?;47/4e/88/e9/3f/44/45/66/dc/c1/c2/6c/5b/dc/32/b7/wikiSk_243_rnik#aksamitny/wikiSk_243_rnik#aksamitny.xml;wikiSk_243_rnik#aksamitny
czywiesz4423;ile lat miał Czesław Miłosz, gdy na potrzeby swoich przekładów biblijnych rozpoczął naukę greki koine?;b7/92/20/81/90/ec/e0/26/d9/88/2e/fb/ef/88/05/c5/wikiPrzek_322_ady#biblijne#Czes_322_awa#Mi_322_osza/wikiPrzek_322_ady#biblijne#Czes_322_awa#Mi_322_osza.xml;wikiPrzek_322_ady#biblijne#Czes_322_awa#Mi_322_osza
czywiesz1539;kto był najbardziej wpływowym amerykańskim ewangelistą na początku XX wieku?;4f/1a/3e/5b/8d/87/95/a2/21/ca/34/9e/e4/dc/39/ce/wikiBilly#Sunday/wikiBilly#Sunday.xml;wikiBilly#Sunday
czywiesz1768;które wydawnictwo specjalizujące się militariach powstało dzięki obrazkom samolotów umieszczanym w pudełkach z herbatą?;9b/08/53/ff/6b/9c/50/5b/e0/7b/95/39/30/93/ec/e5/wikiOsprey#Publishing/wikiOsprey#Publishing.xml;wikiOsprey#Publishing
czywiesz3804;jak przebiegała ewolucja traszki pirenejskiej?;e8/aa/88/03/2d/a1/23/bd/78/78/9f/9c/1a/3f/c2/ef/wikiTraszka#pirenejska/wikiTraszka#pirenejska.xml;wikiTraszka#pirenejska
czywiesz4313;jaki jest wskaźnik zawodności metody termicznej?;ed/ba/7c/37/cc/16/ab/60/33/63/71/60/33/b3/cb/57/wikiMetoda#termiczna/wikiMetoda#termiczna.xml;wikiMetoda#termiczna
czywiesz3346;dlaczego sportretowana przez Goyę hiszpańska aktorka nosiła przydomek Tyranka?;de/d7/13/15/0e/cc/b0/7a/83/ac/e7/3e/60/0f/d1/c4/wikiLa#Tirana/wikiLa#Tirana.xml;wikiLa#Tirana
czywiesz3509;nazwa jakiej polskiej odmiany jabłoni ma związek z delikatnością jej miąższu?;24/38/83/b6/71/f4/83/2e/10/9b/a9/e4/20/e9/a5/cb/wikiDelikates/wikiDelikates.xml;wikiDelikates
czywiesz2796;kto jest autorem opracowań naukowych, poświęconych dziejom literatury uzbeckiej oraz wybitnym postaciom uzbeckiego piśmiennictwa?;bd/6d/4d/e8/12/70/5b/6f/2c/88/71/60/9a/06/57/0b/wikiG_699_afur#G_699_ulom/wikiG_699_afur#G_699_ulom.xml;wikiG_699_afur#G_699_ulom
czywiesz1469;dla którego bytomskiego kompozytora źródłem inspiracji był folklor muzyczny Ameryki Północnej?;69/0f/ab/d5/20/0c/9e/7d/b1/90/05/72/4e/49/2a/e4/wikiHeinrich#Schulz_45_Beuthen/wikiHeinrich#Schulz_45_Beuthen.xml;wikiHeinrich#Schulz_45_Beuthen
czywiesz2071;na czym obecnie polega finansowanie Kościoła katolickiego przez państwo w Polsce?;7d/09/a3/a5/ba/3d/ce/f4/1f/84/e4/d0/85/0d/c1/be/wikiFinansowanie#zwi_261_zk_243_w#wyznaniowych/wikiFinansowanie#zwi_261_zk_243_w#wyznaniowych.xml;wikiFinansowanie#zwi_261_zk_243_w#wyznaniowych
czywiesz1596;gdzie odnaleziono w Polsce pochówek młodego wojownika, który nosił na pasie tamgę Rurykowiczów?;0e/f6/4b/bd/00/7c/97/0c/7d/01/05/67/93/ec/b2/84/wikiBodzia/wikiBodzia.xml;wikiBodzia
czywiesz2393;gdzie znajduje się pierwsze na świecie muzeum poświęcone słońcu oraz kultom i bóstwom solarnym?;d9/84/2d/5a/32/d8/f7/8e/13/32/1e/b9/cc/9f/fa/2c/wikiMuzeum#S_322_o_324_ca#w#Nowosybirsku/wikiMuzeum#S_322_o_324_ca#w#Nowosybirsku.xml;wikiMuzeum#S_322_o_324_ca#w#Nowosybirsku
czywiesz1490;gdzie występuje ryjówka pustynna?;da/86/a9/1c/af/b3/6a/d7/65/0a/27/4b/78/02/f9/b4/wikiRyj_243_wka#pustynna/wikiRyj_243_wka#pustynna.xml;wikiRyj_243_wka#pustynna
czywiesz3958;o co kanadyjski rolnik Percy Schmeiser przez wiele lat prowadził proces sądowy z koncernem Monsanto?;6f/4f/df/00/2d/9e/c9/32/e4/1f/c7/3e/ac/3f/db/ce/wikiPercy#Schmeiser/wikiPercy#Schmeiser.xml;wikiPercy#Schmeiser
czywiesz39;jaką rolę w upadku komunizmu w NRD odegrał kościół św. Mikołaja w Lipsku?;28/d8/39/c2/8e/04/13/42/b5/62/71/37/f4/d2/fd/32/wikiKo_347_ci_243__322_#_347_w_46_#Miko_322_aja#w#Lipsku/wikiKo_347_ci_243__322_#_347_w_46_#Miko_322_aja#w#Lipsku.xml;wikiKo_347_ci_243__322_#_347_w_46_#Miko_322_aja#w#Lipsku
czywiesz1184;w jakim celu wybudowano pagodę Liuhe?;20/88/86/46/b8/23/30/be/0b/41/8c/1b/b0/a6/47/0e/wikiPagoda#Liuhe/wikiPagoda#Liuhe.xml;wikiPagoda#Liuhe
czywiesz791;czym się różnią jednorodne stałe paliwa rakietowe od niejednorodnych?;2b/44/e9/c6/f4/0f/ff/d2/03/51/51/c8/44/24/c5/0d/wikiSta_322_e#paliwo#rakietowe/wikiSta_322_e#paliwo#rakietowe.xml;wikiSta_322_e#paliwo#rakietowe
czywiesz3497;który amerykański polityk jest synem kubańskiego plantatora ananasów?;11/35/6b/ab/b4/d9/cc/21/ae/93/a1/b9/93/09/eb/d8/wikiCarlos#Gutierrez/wikiCarlos#Gutierrez.xml;wikiCarlos#Gutierrez
czywiesz2531;przeciw komu skierowane było powstanie Żmajły?;0a/0f/41/ef/67/e3/fc/b9/41/c1/ea/64/7b/be/56/64/wikiPowstanie#_379_maj_322_y/wikiPowstanie#_379_maj_322_y.xml;wikiPowstanie#_379_maj_322_y
czywiesz2157;kto jest autorem kolumny maryjnej na raciborskim rynku?;be/cb/01/11/47/41/68/2b/46/08/4f/92/1c/bf/fe/ae/wikiJohann#Melchior#_214_sterreich/wikiJohann#Melchior#_214_sterreich.xml;wikiJohann#Melchior#_214_sterreich
czywiesz1517;kto jest obecnie ordynariuszem diecezji Al-Ubajid w Sudanie?;7a/3d/a2/2b/0d/21/07/ff/cf/29/0a/95/af/ba/67/8f/wikiMacram#Max#Gassis/wikiMacram#Max#Gassis.xml;wikiMacram#Max#Gassis
czywiesz388;ile razy naprawiano krzyż wieńczący dzwonnicę Soboru Zwiastowania w Charkowie?;de/33/fb/7c/9e/86/49/12/bf/0f/50/48/da/37/92/47/wikiSob_243_r#Zwiastowania#w#Charkowie/wikiSob_243_r#Zwiastowania#w#Charkowie.xml;wikiSob_243_r#Zwiastowania#w#Charkowie
czywiesz845;jakie materiały przechowuje się w zasobniku?;4b/10/25/b7/bb/47/de/7f/f2/cf/11/a6/2e/3d/61/4c/wikiZasobnik#_40_budownictwo_41_/wikiZasobnik#_40_budownictwo_41_.xml;wikiZasobnik#_40_budownictwo_41_
czywiesz488;gdzie w Warszawie zamiast teatru utworzono park?;b3/32/ff/d6/8a/f0/26/d5/08/cc/fd/b1/06/7e/ad/a8/wikiPark#Zas_322_awa#Malickiego/wikiPark#Zas_322_awa#Malickiego.xml;wikiPark#Zas_322_awa#Malickiego
czywiesz962;czemu gra The Saboteur wywołała wiele kontrowersji?;df/5f/c0/93/2d/a1/fc/2c/f4/d5/77/58/38/5a/c3/97/wikiThe#Saboteur/wikiThe#Saboteur.xml;wikiThe#Saboteur
czywiesz1551;czy guma arabska nadaje się do spożycia?;0e/06/be/89/3e/7b/59/1b/fb/8a/b5/81/85/fb/f6/62/wikiGuma#arabska/wikiGuma#arabska.xml;wikiGuma#arabska
czywiesz255;który japoński wulkan wybuchał już kilkakrotnie w tym roku?;43/db/95/ce/f2/de/ea/3b/d5/5c/12/4f/3d/73/9d/79/wikiShinmoe_45_dake/wikiShinmoe_45_dake.xml;wikiShinmoe_45_dake
czywiesz3848;gdzie mieszkają Nu?;0f/9e/56/4b/f7/51/89/42/0d/69/6a/b9/36/15/cb/1a/wikiNu#_40_narodowo_347__263__41_/wikiNu#_40_narodowo_347__263__41_.xml;wikiNu#_40_narodowo_347__263__41_
czywiesz1658;który święty nazywał siebie Janem Grzesznikiem?;aa/77/dc/a4/be/06/7f/ca/c3/a2/5d/82/a3/e1/48/51/wikiJan#Grande/wikiJan#Grande.xml;wikiJan#Grande
czywiesz2273;kto pod koniec II wojny światowej był rektorem akademickiego kościoła św. Anny w Warszawie?;5c/d6/e6/ea/95/d6/89/91/91/22/34/8b/89/e1/cb/62/wikiZygmunt#Kozubski/wikiZygmunt#Kozubski.xml;wikiZygmunt#Kozubski
czywiesz1320;gdzie naturalnie występuje klon ściętolistny?;a0/36/94/34/cf/dc/0b/16/3b/01/c5/e0/37/48/d6/25/wikiKlon#_347_ci_281_tolistny/wikiKlon#_347_ci_281_tolistny.xml;wikiKlon#_347_ci_281_tolistny
czywiesz599;kiedy rozpoczęła się rewolucja naukowo-techniczna?;2c/8d/47/a5/d1/90/4c/ae/85/d1/60/0e/6b/3d/fa/7b/wikiRewolucja#naukowo_45_techniczna/wikiRewolucja#naukowo_45_techniczna.xml;wikiRewolucja#naukowo_45_techniczna
czywiesz3234;co symbolizuje gwiazda znajdująca się w logo Newcastle Brown Ale?;d4/5f/8a/b4/32/cb/35/3c/58/5b/08/96/f3/96/9a/d6/wikiNewcastle#Brown#Ale/wikiNewcastle#Brown#Ale.xml;wikiNewcastle#Brown#Ale
czywiesz2704;podczas którego soboru zostało ogłoszone chalcedońskie wyznanie wiary?;b9/2e/2b/7b/ae/64/08/7a/0b/5a/9d/04/37/94/b5/9c/wikiChalcedo_324_skie#wyznanie#wiary/wikiChalcedo_324_skie#wyznanie#wiary.xml;wikiChalcedo_324_skie#wyznanie#wiary
czywiesz756;który krzew zyskał na znaczeniu po ograniczeniu polowań na wieloryby?;3e/a0/2e/d8/51/ca/08/3f/88/d9/f7/f2/0a/90/07/a3/wikiSimondsja#kalifornijska/wikiSimondsja#kalifornijska.xml;wikiSimondsja#kalifornijska
czywiesz248;jaką funkcję pełnił słup dębnicki?;41/97/b8/5f/07/9f/71/11/f5/bc/c7/11/b0/84/fb/80/wikiS_322_up#d_281_bnicki/wikiS_322_up#d_281_bnicki.xml;wikiS_322_up#d_281_bnicki
czywiesz3524;kto założył w Paragwaju kolonię złożoną z australijskich utopistów?;ac/9f/a2/19/36/74/bd/e9/85/a8/c0/6a/7a/de/90/3a/wikiWilliam#Lane/wikiWilliam#Lane.xml;wikiWilliam#Lane
czywiesz1042;czyja pieśń znalazła się w repertuarze Czesława Niemena, Jacka Kowalskiego i Lao Che?;fb/13/a9/14/0a/2d/ec/f0/23/2b/4f/02/1d/8e/70/bd/wikiAdam#Czahrowski/wikiAdam#Czahrowski.xml;wikiAdam#Czahrowski
czywiesz2296;jaki jest cel misji sondy kosmicznej Jupiter Icy Moon Explorer?;63/12/c5/f4/f2/2e/73/e0/57/3c/ce/77/8e/99/d0/b3/wikiJupiter#Icy#Moon#Explorer/wikiJupiter#Icy#Moon#Explorer.xml;wikiJupiter#Icy#Moon#Explorer
czywiesz95;który włoski aktor otrzymał Złotą Palmę w Cannes ex aequo z Javierem Bardemem?;91/2c/2d/05/43/bf/7e/27/4c/0e/e1/33/ee/f5/01/2f/wikiElio#Germano/wikiElio#Germano.xml;wikiElio#Germano
czywiesz3774;w jakiej dyscyplinie piłkarz Aleksandar Đurić reprezentował Bośnię i Hercegowinę na Igrzyskach Olimpijskich w 1992 roku?;96/41/0c/ca/55/1d/c8/20/c6/b7/27/e6/3a/48/36/d9/wikiAleksandar#_272_uri_263_/wikiAleksandar#_272_uri_263_.xml;wikiAleksandar#_272_uri_263_
czywiesz2802;jakie są najczęstsze objawy buntu dwulatka?;e1/00/f1/2d/81/78/e8/88/8e/43/a3/da/28/ca/e9/ec/wikiBunt#dwulatka/wikiBunt#dwulatka.xml;wikiBunt#dwulatka
czywiesz1955;atak na który klasztor w Nortumbrii uważany jest za początek epoki ekspansji Wikingów?;47/dd/8b/69/bd/e7/8d/1d/96/ec/ba/e7/29/bc/c0/7d/wikiKlasztor#Lindisfarne/wikiKlasztor#Lindisfarne.xml;wikiKlasztor#Lindisfarne
czywiesz3196;który grzyb często bywa mylony z boczniakiem ostrygowatym?;3e/5c/31/4e/ea/7c/85/9f/f8/f6/bd/96/ed/08/9b/0e/wiki_321_ycznik#p_243__378_ny/wiki_321_ycznik#p_243__378_ny.xml;wiki_321_ycznik#p_243__378_ny
czywiesz3066;który polski chemik w latach 1952–1960 kierował Górskim Ochotniczym Pogotowiem Ratunkowym?;57/4c/c5/e1/32/75/cd/23/ea/71/9c/19/4d/c4/fe/d4/wikiTadeusz#Paw_322_owski#_40_wspinacz_41_/wikiTadeusz#Paw_322_owski#_40_wspinacz_41_.xml;wikiTadeusz#Paw_322_owski#_40_wspinacz_41_
czywiesz3199;który polski malarz był współzałożycielem Zrzeszenia Artystów Plastyków Zwornik?;da/0f/15/b2/fb/fc/a5/aa/b4/70/52/7b/12/09/87/af/wikiKazimierz#Rutkowski#_40_malarz_41_/wikiKazimierz#Rutkowski#_40_malarz_41_.xml;wikiKazimierz#Rutkowski#_40_malarz_41_
czywiesz1581;z jakich skał zbudowana jest Brzanka?;a1/ae/33/1a/f2/0b/86/03/63/49/15/f9/32/2e/f6/c6/wikiBrzanka#_40_Kotlina#K_322_odzka_41_/wikiBrzanka#_40_Kotlina#K_322_odzka_41_.xml;wikiBrzanka#_40_Kotlina#K_322_odzka_41_
czywiesz1043;o czym traktował poradnik Anny Ciundziewickiej?;ee/a2/51/37/4b/83/54/bc/7c/12/28/55/e2/93/ed/60/wikiAnna#Ciundziewicka/wikiAnna#Ciundziewicka.xml;wikiAnna#Ciundziewicka
czywiesz1690;dlaczego książka Idź, zapytaj Alice była usuwana z amerykańskich bibliotek?;45/04/51/7a/b2/34/a2/60/e2/65/0e/0b/89/d2/98/47/wikiId_378__44_#zapytaj#Alice/wikiId_378__44_#zapytaj#Alice.xml;wikiId_378__44_#zapytaj#Alice
czywiesz220;w jakim parku odbyło się największe zgromadzenie w historii Poznania?;53/0e/41/e2/d9/92/cf/76/62/d9/57/f2/7c/5d/1f/ab/wikiPark#Jana#Paw_322_a#II#w#Poznaniu/wikiPark#Jana#Paw_322_a#II#w#Poznaniu.xml;wikiPark#Jana#Paw_322_a#II#w#Poznaniu
czywiesz765;dlaczego kukułka krwista żółtawa nie kuka?;9f/28/c9/ed/21/48/6c/e4/63/d4/1b/b0/65/96/83/c9/wikiKuku_322_ka#krwista#_380__243__322_tawa/wikiKuku_322_ka#krwista#_380__243__322_tawa.xml;wikiKuku_322_ka#krwista#_380__243__322_tawa
czywiesz1460;które miasto było nagie?;3d/ce/93/94/33/7b/89/14/7b/73/6c/25/ba/0e/84/d7/wikiNagie#miasto/wikiNagie#miasto.xml;wikiNagie#miasto
czywiesz798;który holenderski malarz barokowy po wybuchu prochowni w Delft zajął się malowaniem nocnych pożarów?;2d/5a/2e/90/ec/8a/d1/ce/4a/ab/b2/88/2b/9f/0a/b8/wikiEgbert#van#der#Poel/wikiEgbert#van#der#Poel.xml;wikiEgbert#van#der#Poel
czywiesz4371;w jaki sposób oddychają drożdżowe mutanty petite?;f5/b9/e2/8f/e3/b1/5f/a4/2c/4a/72/ae/33/4d/25/8a/wikiPetite/wikiPetite.xml;wikiPetite
czywiesz1477;jakiej rodziny azjatyckich gryzoni dotyczył efekt Łazarza?;a8/0e/13/e0/9a/55/46/a0/8f/79/3d/88/49/24/9e/58/wikiDiatomyidae/wikiDiatomyidae.xml;wikiDiatomyidae
czywiesz79;kto ufundował pierwszy meczet w Anglii?;30/ea/be/78/7b/20/42/34/87/4c/03/92/36/d9/e0/b9/wikiWilliam#Abdullah#Quilliam/wikiWilliam#Abdullah#Quilliam.xml;wikiWilliam#Abdullah#Quilliam
czywiesz2821;kto od 1988 roku jest dyrektorem Kampinoskiego Parku Narodowego?;29/06/79/39/5e/86/75/24/5a/ed/fe/e2/71/0c/89/52/wikiJerzy#Misiak/wikiJerzy#Misiak.xml;wikiJerzy#Misiak
czywiesz4316;skąd wzięła się nazwa Doliny Jamnickiej?;9f/09/e5/64/51/b9/88/7c/2e/cb/db/e5/4c/53/c9/fc/wikiDolina#Jamnicka/wikiDolina#Jamnicka.xml;wikiDolina#Jamnicka
czywiesz4378;jakim debiutem rozpoczynają się wszystkie partie szachowego turnieju Królewski Gambit Radomia?;b8/c1/fe/e2/19/f2/e1/9a/95/a6/78/c9/68/7d/68/73/wikiKr_243_lewski#Gambit#Radomia/wikiKr_243_lewski#Gambit#Radomia.xml;wikiKr_243_lewski#Gambit#Radomia
czywiesz3022;czym tradycyjnie Holendrzy polewają ugotowane ziemniaki?;ba/2e/a1/9f/fd/48/55/25/36/03/74/20/86/05/6e/63/wikiJus#_40_sos_41_/wikiJus#_40_sos_41_.xml;wikiJus#_40_sos_41_
czywiesz4562;jak Peukestas uratował życie Aleksandrowi Wielkiemu w bitwie z plemieniem Mallów?;a0/d1/37/a4/1c/40/8e/c6/97/84/61/d4/8b/b2/b6/ed/wikiPeukestas/wikiPeukestas.xml;wikiPeukestas
czywiesz1590;kto zamiast Maryi trzyma nowonarodzonego Jezusa w scenie Bożego Narodzenia przedstawionej na poliptyku z Marią i Dzieciątkiem Jezus?;6a/91/9b/37/61/88/c8/63/89/9f/b6/d8/33/fd/a9/67/wikiPoliptyk#z#Mari_261_#i#Dzieci_261_tkiem#Jezus/wikiPoliptyk#z#Mari_261_#i#Dzieci_261_tkiem#Jezus.xml;wikiPoliptyk#z#Mari_261_#i#Dzieci_261_tkiem#Jezus
czywiesz3442;co można było zobaczyć w XVI- i XVII-wiecznych kunstkamerach?;f4/f1/7e/b3/f8/94/89/87/70/f6/dd/5c/f4/9a/47/7f/wikiKunstkamera/wikiKunstkamera.xml;wikiKunstkamera
czywiesz1298;które z zabudowań zespołu klasztornego w Marianowie zachowały się do naszych czasów?;6c/f4/61/58/77/b2/ee/54/37/04/e1/7e/4b/69/39/67/wikiZesp_243__322_#klasztorny#w#Marianowie/wikiZesp_243__322_#klasztorny#w#Marianowie.xml;wikiZesp_243__322_#klasztorny#w#Marianowie
czywiesz214;"co w krykiecie określane jest mianem ""piłki stulecia""?";8b/27/b6/ae/d0/24/ca/7e/51/b8/ad/26/31/c5/26/21/wikiBall#of#the#Century/wikiBall#of#the#Century.xml;wikiBall#of#the#Century
czywiesz1306;jaką pozycję w klasyfikacji generalnej 11. Turnieju Czterech Skoczni zajął László Csávás?;af/d6/c8/c0/6f/07/7b/1b/be/ba/55/f7/e0/8f/a1/ea/wikiL_225_szl_243_#Cs_225_v_225_s/wikiL_225_szl_243_#Cs_225_v_225_s.xml;wikiL_225_szl_243_#Cs_225_v_225_s
czywiesz4148;dlaczego żołnierze Armii Czerwonej dokonujący zbrodni w Miechowicach poszukiwali kalek?;7a/ac/ab/32/3b/69/b4/e9/4c/61/4e/6c/bb/f8/f3/c5/wikiZbrodnia#w#Miechowicach/wikiZbrodnia#w#Miechowicach.xml;wikiZbrodnia#w#Miechowicach
czywiesz7;kto stworzył pierwsze graficzne przedstawienie centrum dzisiejszych Katowic?;4b/a6/95/b0/fd/0d/b5/fc/a6/33/53/16/14/41/e7/a6/wikiErnest#Knippel/wikiErnest#Knippel.xml;wikiErnest#Knippel
czywiesz1765;ile łokci miewał postaw?;05/f4/f9/59/46/8c/c3/91/1b/8c/0c/7c/ab/a5/68/19/wikiPostaw/wikiPostaw.xml;wikiPostaw
czywiesz205;dlaczego podobizna Cajsy Warg znalazła się na szwedzkich znaczkach pocztowych?;1b/e6/47/60/ec/8b/9a/bc/da/27/6f/f8/1b/28/c0/ea/wikiCajsa#Warg/wikiCajsa#Warg.xml;wikiCajsa#Warg
czywiesz1185;w jaki sposób można odróżnić muchomora białożółtawego od innych gatunków muchomorów?;5d/16/8b/8c/50/68/db/39/2e/47/34/da/37/e4/ac/1d/wikiMuchomor#bia_322_o_380__243__322_tawy/wikiMuchomor#bia_322_o_380__243__322_tawy.xml;wikiMuchomor#bia_322_o_380__243__322_tawy
czywiesz3474;co przedstawia poliptyk świętojański z kościoła w Stargardzie Szczecińskim?;2d/b3/b8/ef/fa/d3/28/92/d8/9a/91/c8/0e/ec/f9/66/wikiPoliptyk#_347_wi_281_toja_324_ski/wikiPoliptyk#_347_wi_281_toja_324_ski.xml;wikiPoliptyk#_347_wi_281_toja_324_ski
czywiesz397;kiedy zachodzi zjawisko jonizacji powyżej progu?;d8/29/2f/34/85/c9/06/7b/a8/0d/23/cd/32/1c/c7/1a/wikiJonizacja#powy_380_ej#progu/wikiJonizacja#powy_380_ej#progu.xml;wikiJonizacja#powy_380_ej#progu
czywiesz4614;na której olimpiadzie szachowej Verica Nedeljković wygrała wszystkie swoje partie?;8d/73/e1/d9/3b/07/dd/b8/80/2a/f8/e9/b8/af/d0/5c/wikiVerica#Nedeljkovi_263_/wikiVerica#Nedeljkovi_263_.xml;wikiVerica#Nedeljkovi_263_
czywiesz3501;który samolot Junkersa używany był w Nowej Gwinei do transportu sprzętu dla kopalni złota?;bb/a0/3a/3f/64/46/a8/a9/78/bc/e1/48/f6/56/68/92/wikiJunkers#G#31/wikiJunkers#G#31.xml;wikiJunkers#G#31
czywiesz1268;kto uczył malarstwa olimpijczyka Bronisława Czecha?;b0/6c/b1/26/ef/88/1a/db/a3/50/9d/20/a9/9c/0a/20/wikiZefiryn#_262_wikli_324_ski/wikiZefiryn#_262_wikli_324_ski.xml;wikiZefiryn#_262_wikli_324_ski
czywiesz3417;dlaczego gmach giełdy w Petersburgu nie powstał według pierwotnego projektu autorstwa Giacoma Quarenghiego?;53/fc/1c/80/30/6a/12/05/a5/de/d7/1a/9b/a6/25/e7/wikiBudynek#Gie_322_dy#w#Sankt#Petersburgu/wikiBudynek#Gie_322_dy#w#Sankt#Petersburgu.xml;wikiBudynek#Gie_322_dy#w#Sankt#Petersburgu
czywiesz2369;gdzie kręcono Labirynt fauna?;69/77/17/bd/4d/07/ec/e3/78/24/7b/6b/70/79/55/78/wikiBelchite/wikiBelchite.xml;wikiBelchite
czywiesz1664;dlaczego żołnierze British Army nosili czerwone kurtki?;5b/3c/69/54/4b/f5/14/61/03/eb/2a/25/22/75/54/37/wikiCzerwona#kurtka#_40_mundur_41_/wikiCzerwona#kurtka#_40_mundur_41_.xml;wikiCzerwona#kurtka#_40_mundur_41_
czywiesz4161;w którym kraju w noc sylwestrową je się oliebollen?;0e/91/0a/03/2c/c3/bd/a1/b9/4a/5d/b0/e9/a4/68/59/wikiOliebol/wikiOliebol.xml;wikiOliebol
czywiesz1554;dlaczego mieszkańcy Dzisnej chcieli zburzyć jeden z najstarszych kościołów ryglowych na Pomorzu Zachodnim?;96/d3/65/0a/f9/a8/2e/77/d4/85/c8/ad/29/80/2c/ef/wikiKo_347_ci_243__322_#_347_w_46_#Stanis_322_awa#BM#w#Dzisnej/wikiKo_347_ci_243__322_#_347_w_46_#Stanis_322_awa#BM#w#Dzisnej.xml;wikiKo_347_ci_243__322_#_347_w_46_#Stanis_322_awa#BM#w#Dzisnej
czywiesz2427;gdzie znajduje sie główny ośrodek polskiego yassu?;19/1c/3f/5e/9f/9b/1d/e5/6f/35/d3/1d/40/fd/32/f0/wikiMuzyka#w#Bydgoszczy/wikiMuzyka#w#Bydgoszczy.xml;wikiMuzyka#w#Bydgoszczy
czywiesz2913;na czyją cześć nazwano japońskiego sztucznego satelitę typu CubeSat 2U?;6a/cb/ad/e3/ca/49/cf/78/8c/eb/80/78/9e/0c/a7/b1/wikiRaiko/wikiRaiko.xml;wikiRaiko
czywiesz3917;w jaki sposób Dipodomys microps broni się przed spożywaniem nadmiaru soli?;fb/a2/d8/9b/6c/02/43/1b/ac/f5/fc/66/26/57/45/98/wikiDipodomys#microps/wikiDipodomys#microps.xml;wikiDipodomys#microps
czywiesz1971;kto był pierwszym znanym z imienia i nazwiska warszawskim dagerotypistą portretowym?;25/ca/e9/b0/06/fc/75/30/d4/7e/6b/ed/93/cc/07/19/wikiAntonin#Wysocki/wikiAntonin#Wysocki.xml;wikiAntonin#Wysocki
czywiesz108;gdzie leżał Nienszanc?;a9/f4/21/27/cd/8a/f7/e3/7c/a3/f3/ef/0b/7e/8e/e1/wikiNienszanc/wikiNienszanc.xml;wikiNienszanc
czywiesz2959;jak można potwierdzać tożsamość elektronicznie?;a5/0f/40/5f/bc/aa/9f/e8/d0/a0/22/14/f5/35/18/a6/wikiSchemat#identyfikacji#Schnorra/wikiSchemat#identyfikacji#Schnorra.xml;wikiSchemat#identyfikacji#Schnorra
czywiesz1647;dlaczego w 1794 roku „Südpreussische Zeitung” napisał o końcu Polski?;b8/94/49/ef/c9/8c/9b/4e/64/68/a8/f0/f0/04/68/3f/wikiFinis#Poloniae/wikiFinis#Poloniae.xml;wikiFinis#Poloniae
czywiesz4432;gdzie znajdowała się siedziba obradującego w grudniu 1918 w Poznaniu Polskiego Sejmu Dzielnicowego, który powołał Naczelną Radę Ludową?;6c/0a/32/8e/b0/b6/07/52/54/7a/9d/e5/81/cb/c0/ed/wikiPolski#Sejm#Dzielnicowy/wikiPolski#Sejm#Dzielnicowy.xml;wikiPolski#Sejm#Dzielnicowy
czywiesz4515;w jakiej operacji II wojny światowej wziął udział człowiek, którego nie było?;47/2b/8b/f1/f8/b7/f9/7c/6b/b1/6c/51/62/b7/ec/3a/wikiCz_322_owiek_44_#kt_243_rego#nie#by_322_o/wikiCz_322_owiek_44_#kt_243_rego#nie#by_322_o.xml;wikiCz_322_owiek_44_#kt_243_rego#nie#by_322_o
czywiesz3662;jakie typy uli prezentowane są w Skansenie Pszczelarskim w Swarzędzu?;3d/5e/0a/b4/89/75/4b/7f/0e/5a/ff/99/42/f2/eb/18/wikiSkansen#Pszczelarski#w#Swarz_281_dzu/wikiSkansen#Pszczelarski#w#Swarz_281_dzu.xml;wikiSkansen#Pszczelarski#w#Swarz_281_dzu
czywiesz1160;co stwierdzili biegli Agencji Bezpieczeństwa Wewnętrznego i Komendy Głównej Policji na temat odgłosów zarejestrowanych na materiale filmowym znanym jako Samolot płonie?;ce/43/a0/94/e0/98/d7/1d/d6/67/5f/07/81/56/f3/1c/wikiSamolot#p_322_onie/wikiSamolot#p_322_onie.xml;wikiSamolot#p_322_onie
czywiesz3159;która polska aktorka podczas II wojny światowej ukrywała pianistę Władysława Szpilmana?;0f/f8/28/8a/a7/75/8c/e6/a5/ac/3a/c5/7f/97/c6/58/wikiJanina#Godlewska_45_Bogucka/wikiJanina#Godlewska_45_Bogucka.xml;wikiJanina#Godlewska_45_Bogucka
czywiesz1998;który zespół największe sukcesy odnosił w wyścigach długodystansowych, szesnastokrotnie wygrywając 24h Le Mans?;0c/d6/81/a8/0d/80/24/5b/0b/f1/d7/b2/9d/b5/d0/18/wikiPorsche#Motorsport/wikiPorsche#Motorsport.xml;wikiPorsche#Motorsport
czywiesz33;kiedy wprowadzono do użytku pierwszy komercyjny samolot pasażerski z ciśnieniową kabiną dla załogi i pasażerów umożliwiającą loty na dużych wysokościach?;fc/00/21/42/86/e3/d7/c3/77/54/e1/69/84/4c/02/15/wikiBoeing#307#Stratoliner/wikiBoeing#307#Stratoliner.xml;wikiBoeing#307#Stratoliner
czywiesz4631;jakimi instrumentami posługuje się angielska piosenkarka i producent muzyczny Imogen Heap?;aa/44/b0/e9/ac/61/c6/74/b5/27/e1/ce/e7/32/c4/0d/wikiImogen#Heap/wikiImogen#Heap.xml;wikiImogen#Heap
czywiesz148;co było celem konferencji w Rambouillet?;c6/f4/c0/af/26/86/d6/b6/d5/15/61/4b/48/ba/fa/dd/wikiKonferencja#w#Rambouillet/wikiKonferencja#w#Rambouillet.xml;wikiKonferencja#w#Rambouillet
czywiesz1027;gdzie możesz zobaczyć rekonstrukcję galicyjskiej, małomiasteczkowej zabudowy z przełomu XIX i XX wieku?;73/cd/92/ee/6e/71/37/1d/41/cf/be/74/1f/9c/4b/aa/wikiS_261_decki#Park#Etnograficzny/wikiS_261_decki#Park#Etnograficzny.xml;wikiS_261_decki#Park#Etnograficzny
czywiesz4283;ilu pasażerów jest rocznie obsługiwanych przez tajlandzki port lotniczy na Phuket?;46/ff/7a/87/e0/87/2b/e3/53/74/2d/74/5e/8a/e7/18/wikiPort#lotniczy#Phuket/wikiPort#lotniczy#Phuket.xml;wikiPort#lotniczy#Phuket
czywiesz394;jak niemiecka prokuratura umotywowała uniewinnienie oficera SS odpowiedzialnego za egzekucję zakładników tczewskich?;99/8a/53/b2/67/bc/55/0e/a9/f6/e0/51/8a/cf/62/e4/wikiEgzekucja#zak_322_adnik_243_w#tczewskich/wikiEgzekucja#zak_322_adnik_243_w#tczewskich.xml;wikiEgzekucja#zak_322_adnik_243_w#tczewskich
czywiesz2094;w czym historyk Edward Gibbon upatrywał Zmierzch i upadek cesarstwa rzymskiego?;c1/ea/ba/b0/94/38/db/fa/38/92/91/d4/5a/30/eb/17/wikiZmierzch#i#upadek#cesarstwa#rzymskiego/wikiZmierzch#i#upadek#cesarstwa#rzymskiego.xml;wikiZmierzch#i#upadek#cesarstwa#rzymskiego
czywiesz4133;jakie prawa nadawał protestantom wydany 9 lipca 1609 List majestatyczny?;c7/5c/f0/35/7b/14/52/14/95/64/43/da/79/4f/e9/86/wikiList#majestatyczny/wikiList#majestatyczny.xml;wikiList#majestatyczny
czywiesz237;kto opatentował nowoczesną wersję stetoskopu, która z niewielkimi modyfikacjami używana jest w czasach obecnych?;7f/9f/cd/32/9f/3a/d6/31/a6/be/ab/e0/45/5f/30/de/wikiDavid#Littmann/wikiDavid#Littmann.xml;wikiDavid#Littmann
czywiesz3829;kto prawdopodobnie zabił syna prezydenta Theodora Roosevelta w czasie walki powietrznej 14 lipca 1918?;0c/84/00/8a/39/f0/67/dc/a6/d6/34/db/ab/75/ea/77/wikiChristian#Donhauser/wikiChristian#Donhauser.xml;wikiChristian#Donhauser
czywiesz1524;gdzie znalazła zastosowanie Biała Marianna?;e4/42/5b/35/64/d3/7a/9a/58/ff/8c/09/a4/e2/d2/46/wikiBia_322_a#Marianna/wikiBia_322_a#Marianna.xml;wikiBia_322_a#Marianna
czywiesz3395;dlaczego profesor Stefan Węgrzyn bronił drugi doktorat we Francji?;de/f3/98/93/39/0c/6c/b5/10/cc/d7/6f/c2/a2/75/6a/wikiStefan#W_281_grzyn/wikiStefan#W_281_grzyn.xml;wikiStefan#W_281_grzyn
czywiesz1646;gdzie stosowano staurogramy?;ee/d1/08/f2/82/99/e9/41/dd/75/3c/3d/3a/fe/06/ca/wikiStaurogram/wikiStaurogram.xml;wikiStaurogram
czywiesz4504;co było powodem pożaru jaki wybuchł 23 czerwca 1940 roku na pokładzie HMS Khartoum?;57/e8/a1/77/12/ce/88/f4/25/1f/5c/60/d0/03/3e/32/wikiHMS#Khartoum/wikiHMS#Khartoum.xml;wikiHMS#Khartoum
czywiesz1095;kto był już Jedną nogą w grobie w serialu BBC pod takim tytułem?;6d/59/e8/14/b5/fe/bf/9c/01/df/6c/6c/28/d9/cd/56/wikiJedn_261_#nog_261_#w#grobie/wikiJedn_261_#nog_261_#w#grobie.xml;wikiJedn_261_#nog_261_#w#grobie
czywiesz3979;z kim sułtan Dar Furu korespondował w sprawie przysłania posiłków wojskowych?;91/ec/d4/e6/6d/ea/1e/62/c9/b1/44/23/df/b5/3c/52/wikiSu_322_tanat#Dar#Fur/wikiSu_322_tanat#Dar#Fur.xml;wikiSu_322_tanat#Dar#Fur
czywiesz1735;w jaki sposób Zbigniew Libera zdobył klocki do swojej instalacji Lego. Obóz koncentracyjny?;e1/4f/3b/2a/c1/e4/73/ef/d6/53/e9/82/cc/f3/01/41/wikiLego_46_#Ob_243_z#koncentracyjny/wikiLego_46_#Ob_243_z#koncentracyjny.xml;wikiLego_46_#Ob_243_z#koncentracyjny
czywiesz2336;jakie metody stosuje się do oczyszczania spalin ze związków siarki?;75/a1/57/88/b1/1f/3b/c4/2f/76/36/13/3a/5a/e3/31/wikiOdsiarczanie#spalin/wikiOdsiarczanie#spalin.xml;wikiOdsiarczanie#spalin
czywiesz2437;kto według legendy uchronił Smoleńsk przed najazdem Mongołów?;14/f1/0c/58/c9/0f/60/12/35/df/81/10/cb/e9/01/ff/wikiMerkury#Smole_324_ski/wikiMerkury#Smole_324_ski.xml;wikiMerkury#Smole_324_ski
czywiesz15;co opisują prawa psychofizyczne w olfaktometrii?;e1/09/a3/80/81/17/5d/df/d6/b7/59/ca/a5/d8/35/c9/wikiPrawa#psychofizyczne#w#olfaktometrii/wikiPrawa#psychofizyczne#w#olfaktometrii.xml;wikiPrawa#psychofizyczne#w#olfaktometrii
czywiesz1378;który krakowski historyk medycyny jako pierwszy starozakonny otrzymał tytuł profesora na Uniwersytecie Jagiellońskim?;4c/02/dd/01/23/22/5d/1b/1c/86/e1/b9/46/c8/88/0c/wikiJ_243_zef#Oettinger/wikiJ_243_zef#Oettinger.xml;wikiJ_243_zef#Oettinger
czywiesz848;na czym polega podobieństwo związków chemicznych?;9c/0e/94/13/ba/6d/6c/9b/54/11/92/ac/a6/d7/7e/5f/wikiPodobie_324_stwo#chemiczne/wikiPodobie_324_stwo#chemiczne.xml;wikiPodobie_324_stwo#chemiczne
czywiesz208;w jaki sposób słoń przyczynił się do śmierci Jacky Boxbergera?;af/e3/e9/e5/34/17/0d/01/33/5d/0b/de/68/9d/93/41/wikiJacky#Boxberger/wikiJacky#Boxberger.xml;wikiJacky#Boxberger
czywiesz4660;mężem jakiej znanej aktorki był kanadyjski satyryk Tom Green?;83/0d/e5/82/cd/56/21/c6/4a/76/a3/e8/fe/b7/f4/a9/wikiTom#Green/wikiTom#Green.xml;wikiTom#Green
czywiesz2997;ile sióstr zgromadzenia Córek Bożej Miłości pracuje obecnie w Polsce?;32/ff/a4/4f/8f/88/40/79/51/20/7d/16/44/50/3a/18/wikiC_243_rki#Bo_380_ej#Mi_322_o_347_ci/wikiC_243_rki#Bo_380_ej#Mi_322_o_347_ci.xml;wikiC_243_rki#Bo_380_ej#Mi_322_o_347_ci
czywiesz435;gdzie w Japonii konstruuje się elektroniczne nosy?;c0/fe/c6/b6/45/db/e4/58/ba/d8/fd/49/8c/5d/18/83/wikiNakamoto#Lab#_40_TITech_41_/wikiNakamoto#Lab#_40_TITech_41_.xml;wikiNakamoto#Lab#_40_TITech_41_
czywiesz515;do czego służy generator Pierce'a?;f5/85/a0/4e/64/56/cd/36/bd/86/42/21/ec/84/97/ce/wikiGenerator#Pierce_39_a/wikiGenerator#Pierce_39_a.xml;wikiGenerator#Pierce_39_a
czywiesz1177;czyje dzieła publikowane są przez wydawnictwo Rowohlt?;4f/40/fb/89/b1/0a/4b/39/58/52/6c/27/1f/d1/e2/5a/wikiWydawnictwo#Rowohlt/wikiWydawnictwo#Rowohlt.xml;wikiWydawnictwo#Rowohlt
